sixteenth,soprano,alto,tenor,bass,file
0,C#5,A4,E4,A3,bwv104.6.mxl_chunk_0
1,--,--,--,--,bwv104.6.mxl_chunk_0
2,--,--,--,G#3,bwv104.6.mxl_chunk_0
3,--,--,--,--,bwv104.6.mxl_chunk_0
4,D5,A4,F#4,F#3,bwv104.6.mxl_chunk_0
5,--,--,--,--,bwv104.6.mxl_chunk_0
6,--,--,--,--,bwv104.6.mxl_chunk_0
7,--,--,--,--,bwv104.6.mxl_chunk_0
8,E5,G#4,B3,E3,bwv104.6.mxl_chunk_0
9,--,--,--,--,bwv104.6.mxl_chunk_0
10,--,--,C#4,--,bwv104.6.mxl_chunk_0
11,--,--,--,--,bwv104.6.mxl_chunk_0
12,D5,F#4,D4,B2,bwv104.6.mxl_chunk_0
13,--,--,--,--,bwv104.6.mxl_chunk_0
14,--,G#4,--,--,bwv104.6.mxl_chunk_0
15,--,--,--,--,bwv104.6.mxl_chunk_0
16,C#5,A4,E4,C#3,bwv104.6.mxl_chunk_0
17,--,--,--,--,bwv104.6.mxl_chunk_0
18,--,--,--,D3,bwv104.6.mxl_chunk_0
19,--,--,--,--,bwv104.6.mxl_chunk_0
20,B4,G#4,E4,E3,bwv104.6.mxl_chunk_0
21,--,--,--,--,bwv104.6.mxl_chunk_0
22,--,--,--,--,bwv104.6.mxl_chunk_0
23,--,--,--,--,bwv104.6.mxl_chunk_0
24,C#5,A4,E4,A2,bwv104.6.mxl_chunk_0
25,--,--,--,--,bwv104.6.mxl_chunk_0
26,--,--,--,--,bwv104.6.mxl_chunk_0
27,--,--,--,--,bwv104.6.mxl_chunk_0
28,C#5,E4,A3,A3,bwv104.6.mxl_chunk_0
29,--,--,--,--,bwv104.6.mxl_chunk_0
30,--,--,--,G#3,bwv104.6.mxl_chunk_0
31,--,--,--,--,bwv104.6.mxl_chunk_0
32,C#5,F#4,A3,F#3,bwv104.6.mxl_chunk_0
33,--,--,--,--,bwv104.6.mxl_chunk_0
34,--,--,--,E3,bwv104.6.mxl_chunk_0
35,--,--,--,--,bwv104.6.mxl_chunk_0
36,B4,F#4,--,D3,bwv104.6.mxl_chunk_0
37,--,--,--,--,bwv104.6.mxl_chunk_0
38,C#5,E4,--,C#3,bwv104.6.mxl_chunk_0
39,--,--,--,--,bwv104.6.mxl_chunk_0
40,D5,D4,--,B2,bwv104.6.mxl_chunk_0
41,--,--,--,--,bwv104.6.mxl_chunk_0
42,C#5,--,--,A2,bwv104.6.mxl_chunk_0
43,--,--,--,--,bwv104.6.mxl_chunk_0
44,B4,E4,D4,G#2,bwv104.6.mxl_chunk_0
45,--,--,--,--,bwv104.6.mxl_chunk_0
46,--,--,B3,--,bwv104.6.mxl_chunk_0
47,--,--,--,--,bwv104.6.mxl_chunk_0
48,A4,E4,E4,C#3,bwv104.6.mxl_chunk_0
49,--,--,--,--,bwv104.6.mxl_chunk_0
50,--,A4,D4,A2,bwv104.6.mxl_chunk_0
51,--,--,C#4,--,bwv104.6.mxl_chunk_0
52,B4,--,D4,E3,bwv104.6.mxl_chunk_0
53,--,--,--,--,bwv104.6.mxl_chunk_0
54,--,G#4,--,--,bwv104.6.mxl_chunk_0
55,--,--,--,--,bwv104.6.mxl_chunk_0
56,A4,E4,C#4,A2,bwv104.6.mxl_chunk_0
57,--,--,--,--,bwv104.6.mxl_chunk_0
58,--,--,--,--,bwv104.6.mxl_chunk_0
59,--,--,--,--,bwv104.6.mxl_chunk_0
60,--,--,--,--,bwv104.6.mxl_chunk_0
61,--,--,--,--,bwv104.6.mxl_chunk_0
62,--,--,--,--,bwv104.6.mxl_chunk_0
63,--,--,--,--,bwv104.6.mxl_chunk_0
0,C#5,A4,E4,C#3,bwv104.6.mxl_chunk_1
1,--,--,--,--,bwv104.6.mxl_chunk_1
2,--,--,--,D3,bwv104.6.mxl_chunk_1
3,--,--,--,--,bwv104.6.mxl_chunk_1
4,B4,G#4,E4,E3,bwv104.6.mxl_chunk_1
5,--,--,--,--,bwv104.6.mxl_chunk_1
6,--,--,--,--,bwv104.6.mxl_chunk_1
7,--,--,--,--,bwv104.6.mxl_chunk_1
8,C#5,A4,E4,A2,bwv104.6.mxl_chunk_1
9,--,--,--,--,bwv104.6.mxl_chunk_1
10,--,--,--,--,bwv104.6.mxl_chunk_1
11,--,--,--,--,bwv104.6.mxl_chunk_1
12,C#5,E4,A3,A3,bwv104.6.mxl_chunk_1
13,--,--,--,--,bwv104.6.mxl_chunk_1
14,--,--,--,G#3,bwv104.6.mxl_chunk_1
15,--,--,--,--,bwv104.6.mxl_chunk_1
16,C#5,F#4,A3,F#3,bwv104.6.mxl_chunk_1
17,--,--,--,--,bwv104.6.mxl_chunk_1
18,--,--,--,E3,bwv104.6.mxl_chunk_1
19,--,--,--,--,bwv104.6.mxl_chunk_1
20,B4,F#4,--,D3,bwv104.6.mxl_chunk_1
21,--,--,--,--,bwv104.6.mxl_chunk_1
22,C#5,E4,--,C#3,bwv104.6.mxl_chunk_1
23,--,--,--,--,bwv104.6.mxl_chunk_1
24,D5,D4,--,B2,bwv104.6.mxl_chunk_1
25,--,--,--,--,bwv104.6.mxl_chunk_1
26,C#5,--,--,A2,bwv104.6.mxl_chunk_1
27,--,--,--,--,bwv104.6.mxl_chunk_1
28,B4,E4,D4,G#2,bwv104.6.mxl_chunk_1
29,--,--,--,--,bwv104.6.mxl_chunk_1
30,--,--,B3,--,bwv104.6.mxl_chunk_1
31,--,--,--,--,bwv104.6.mxl_chunk_1
32,A4,E4,E4,C#3,bwv104.6.mxl_chunk_1
33,--,--,--,--,bwv104.6.mxl_chunk_1
34,--,A4,D4,A2,bwv104.6.mxl_chunk_1
35,--,--,C#4,--,bwv104.6.mxl_chunk_1
36,B4,--,D4,E3,bwv104.6.mxl_chunk_1
37,--,--,--,--,bwv104.6.mxl_chunk_1
38,--,G#4,--,--,bwv104.6.mxl_chunk_1
39,--,--,--,--,bwv104.6.mxl_chunk_1
40,A4,E4,C#4,A2,bwv104.6.mxl_chunk_1
41,--,--,--,--,bwv104.6.mxl_chunk_1
42,--,--,--,--,bwv104.6.mxl_chunk_1
43,--,--,--,--,bwv104.6.mxl_chunk_1
44,--,--,--,--,bwv104.6.mxl_chunk_1
45,--,--,--,--,bwv104.6.mxl_chunk_1
46,--,--,--,--,bwv104.6.mxl_chunk_1
47,--,--,--,--,bwv104.6.mxl_chunk_1
48,A4,E4,C#4,A2,bwv104.6.mxl_chunk_1
49,--,--,--,--,bwv104.6.mxl_chunk_1
50,--,--,--,--,bwv104.6.mxl_chunk_1
51,--,--,--,--,bwv104.6.mxl_chunk_1
52,--,--,--,--,bwv104.6.mxl_chunk_1
53,--,--,--,--,bwv104.6.mxl_chunk_1
54,--,--,--,--,bwv104.6.mxl_chunk_1
55,--,--,--,--,bwv104.6.mxl_chunk_1
56,--,--,--,--,bwv104.6.mxl_chunk_1
57,--,--,--,--,bwv104.6.mxl_chunk_1
58,--,--,--,--,bwv104.6.mxl_chunk_1
59,--,--,--,--,bwv104.6.mxl_chunk_1
60,--,--,--,--,bwv104.6.mxl_chunk_1
61,--,--,--,--,bwv104.6.mxl_chunk_1
62,--,--,--,--,bwv104.6.mxl_chunk_1
63,--,--,--,--,bwv104.6.mxl_chunk_1
0,C#5,F#4,A3,F#3,bwv104.6.mxl_chunk_2
1,--,--,--,--,bwv104.6.mxl_chunk_2
2,--,--,--,E3,bwv104.6.mxl_chunk_2
3,--,--,--,--,bwv104.6.mxl_chunk_2
4,B4,F#4,--,D3,bwv104.6.mxl_chunk_2
5,--,--,--,--,bwv104.6.mxl_chunk_2
6,C#5,E4,--,C#3,bwv104.6.mxl_chunk_2
7,--,--,--,--,bwv104.6.mxl_chunk_2
8,D5,D4,--,B2,bwv104.6.mxl_chunk_2
9,--,--,--,--,bwv104.6.mxl_chunk_2
10,C#5,--,--,A2,bwv104.6.mxl_chunk_2
11,--,--,--,--,bwv104.6.mxl_chunk_2
12,B4,E4,D4,G#2,bwv104.6.mxl_chunk_2
13,--,--,--,--,bwv104.6.mxl_chunk_2
14,--,--,B3,--,bwv104.6.mxl_chunk_2
15,--,--,--,--,bwv104.6.mxl_chunk_2
16,A4,E4,E4,C#3,bwv104.6.mxl_chunk_2
17,--,--,--,--,bwv104.6.mxl_chunk_2
18,--,A4,D4,A2,bwv104.6.mxl_chunk_2
19,--,--,C#4,--,bwv104.6.mxl_chunk_2
20,B4,--,D4,E3,bwv104.6.mxl_chunk_2
21,--,--,--,--,bwv104.6.mxl_chunk_2
22,--,G#4,--,--,bwv104.6.mxl_chunk_2
23,--,--,--,--,bwv104.6.mxl_chunk_2
24,A4,E4,C#4,A2,bwv104.6.mxl_chunk_2
25,--,--,--,--,bwv104.6.mxl_chunk_2
26,--,--,--,--,bwv104.6.mxl_chunk_2
27,--,--,--,--,bwv104.6.mxl_chunk_2
28,--,--,--,--,bwv104.6.mxl_chunk_2
29,--,--,--,--,bwv104.6.mxl_chunk_2
30,--,--,--,--,bwv104.6.mxl_chunk_2
31,--,--,--,--,bwv104.6.mxl_chunk_2
32,A4,E4,C#4,A2,bwv104.6.mxl_chunk_2
33,--,--,--,--,bwv104.6.mxl_chunk_2
34,--,--,--,--,bwv104.6.mxl_chunk_2
35,--,--,--,--,bwv104.6.mxl_chunk_2
36,--,--,--,--,bwv104.6.mxl_chunk_2
37,--,--,--,--,bwv104.6.mxl_chunk_2
38,--,--,--,--,bwv104.6.mxl_chunk_2
39,--,--,--,--,bwv104.6.mxl_chunk_2
40,--,--,--,--,bwv104.6.mxl_chunk_2
41,--,--,--,--,bwv104.6.mxl_chunk_2
42,--,--,--,--,bwv104.6.mxl_chunk_2
43,--,--,--,--,bwv104.6.mxl_chunk_2
44,--,--,--,--,bwv104.6.mxl_chunk_2
45,--,--,--,--,bwv104.6.mxl_chunk_2
46,--,--,--,--,bwv104.6.mxl_chunk_2
47,--,--,--,--,bwv104.6.mxl_chunk_2
48,B4,E4,G#3,E3,bwv104.6.mxl_chunk_2
49,--,--,--,--,bwv104.6.mxl_chunk_2
50,--,--,--,--,bwv104.6.mxl_chunk_2
51,--,--,--,--,bwv104.6.mxl_chunk_2
52,C#5,E4,A#3,D3,bwv104.6.mxl_chunk_2
53,--,--,--,--,bwv104.6.mxl_chunk_2
54,--,--,--,C#3,bwv104.6.mxl_chunk_2
55,--,--,--,--,bwv104.6.mxl_chunk_2
56,D5,D4,B3,B2,bwv104.6.mxl_chunk_2
57,--,--,--,--,bwv104.6.mxl_chunk_2
58,--,E4,--,--,bwv104.6.mxl_chunk_2
59,--,--,--,--,bwv104.6.mxl_chunk_2
60,C#5,F#4,A#3,E3,bwv104.6.mxl_chunk_2
61,--,--,--,--,bwv104.6.mxl_chunk_2
62,--,--,--,F#3,bwv104.6.mxl_chunk_2
63,--,--,--,--,bwv104.6.mxl_chunk_2
0,A4,E4,E4,C#3,bwv104.6.mxl_chunk_3
1,--,--,--,--,bwv104.6.mxl_chunk_3
2,--,A4,D4,A2,bwv104.6.mxl_chunk_3
3,--,--,C#4,--,bwv104.6.mxl_chunk_3
4,B4,--,D4,E3,bwv104.6.mxl_chunk_3
5,--,--,--,--,bwv104.6.mxl_chunk_3
6,--,G#4,--,--,bwv104.6.mxl_chunk_3
7,--,--,--,--,bwv104.6.mxl_chunk_3
8,A4,E4,C#4,A2,bwv104.6.mxl_chunk_3
9,--,--,--,--,bwv104.6.mxl_chunk_3
10,--,--,--,--,bwv104.6.mxl_chunk_3
11,--,--,--,--,bwv104.6.mxl_chunk_3
12,--,--,--,--,bwv104.6.mxl_chunk_3
13,--,--,--,--,bwv104.6.mxl_chunk_3
14,--,--,--,--,bwv104.6.mxl_chunk_3
15,--,--,--,--,bwv104.6.mxl_chunk_3
16,A4,E4,C#4,A2,bwv104.6.mxl_chunk_3
17,--,--,--,--,bwv104.6.mxl_chunk_3
18,--,--,--,--,bwv104.6.mxl_chunk_3
19,--,--,--,--,bwv104.6.mxl_chunk_3
20,--,--,--,--,bwv104.6.mxl_chunk_3
21,--,--,--,--,bwv104.6.mxl_chunk_3
22,--,--,--,--,bwv104.6.mxl_chunk_3
23,--,--,--,--,bwv104.6.mxl_chunk_3
24,--,--,--,--,bwv104.6.mxl_chunk_3
25,--,--,--,--,bwv104.6.mxl_chunk_3
26,--,--,--,--,bwv104.6.mxl_chunk_3
27,--,--,--,--,bwv104.6.mxl_chunk_3
28,--,--,--,--,bwv104.6.mxl_chunk_3
29,--,--,--,--,bwv104.6.mxl_chunk_3
30,--,--,--,--,bwv104.6.mxl_chunk_3
31,--,--,--,--,bwv104.6.mxl_chunk_3
32,B4,E4,G#3,E3,bwv104.6.mxl_chunk_3
33,--,--,--,--,bwv104.6.mxl_chunk_3
34,--,--,--,--,bwv104.6.mxl_chunk_3
35,--,--,--,--,bwv104.6.mxl_chunk_3
36,C#5,E4,A#3,D3,bwv104.6.mxl_chunk_3
37,--,--,--,--,bwv104.6.mxl_chunk_3
38,--,--,--,C#3,bwv104.6.mxl_chunk_3
39,--,--,--,--,bwv104.6.mxl_chunk_3
40,D5,D4,B3,B2,bwv104.6.mxl_chunk_3
41,--,--,--,--,bwv104.6.mxl_chunk_3
42,--,E4,--,--,bwv104.6.mxl_chunk_3
43,--,--,--,--,bwv104.6.mxl_chunk_3
44,C#5,F#4,A#3,E3,bwv104.6.mxl_chunk_3
45,--,--,--,--,bwv104.6.mxl_chunk_3
46,--,--,--,F#3,bwv104.6.mxl_chunk_3
47,--,--,--,--,bwv104.6.mxl_chunk_3
48,B4,F#4,B3,G3,bwv104.6.mxl_chunk_3
49,--,--,--,--,bwv104.6.mxl_chunk_3
50,--,E4,--,--,bwv104.6.mxl_chunk_3
51,--,--,--,--,bwv104.6.mxl_chunk_3
52,C#5,E4,A#3,F#3,bwv104.6.mxl_chunk_3
53,--,--,--,--,bwv104.6.mxl_chunk_3
54,--,D4,--,--,bwv104.6.mxl_chunk_3
55,--,C#4,--,--,bwv104.6.mxl_chunk_3
56,B4,D4,F#3,B2,bwv104.6.mxl_chunk_3
57,--,--,--,--,bwv104.6.mxl_chunk_3
58,--,--,--,--,bwv104.6.mxl_chunk_3
59,--,--,--,--,bwv104.6.mxl_chunk_3
60,B4,E4,B3,G#3,bwv104.6.mxl_chunk_3
61,--,--,--,--,bwv104.6.mxl_chunk_3
62,--,--,--,--,bwv104.6.mxl_chunk_3
63,--,--,--,--,bwv104.6.mxl_chunk_3
0,A4,E4,C#4,A2,bwv104.6.mxl_chunk_4
1,--,--,--,--,bwv104.6.mxl_chunk_4
2,--,--,--,--,bwv104.6.mxl_chunk_4
3,--,--,--,--,bwv104.6.mxl_chunk_4
4,--,--,--,--,bwv104.6.mxl_chunk_4
5,--,--,--,--,bwv104.6.mxl_chunk_4
6,--,--,--,--,bwv104.6.mxl_chunk_4
7,--,--,--,--,bwv104.6.mxl_chunk_4
8,--,--,--,--,bwv104.6.mxl_chunk_4
9,--,--,--,--,bwv104.6.mxl_chunk_4
10,--,--,--,--,bwv104.6.mxl_chunk_4
11,--,--,--,--,bwv104.6.mxl_chunk_4
12,--,--,--,--,bwv104.6.mxl_chunk_4
13,--,--,--,--,bwv104.6.mxl_chunk_4
14,--,--,--,--,bwv104.6.mxl_chunk_4
15,--,--,--,--,bwv104.6.mxl_chunk_4
16,B4,E4,G#3,E3,bwv104.6.mxl_chunk_4
17,--,--,--,--,bwv104.6.mxl_chunk_4
18,--,--,--,--,bwv104.6.mxl_chunk_4
19,--,--,--,--,bwv104.6.mxl_chunk_4
20,C#5,E4,A#3,D3,bwv104.6.mxl_chunk_4
21,--,--,--,--,bwv104.6.mxl_chunk_4
22,--,--,--,C#3,bwv104.6.mxl_chunk_4
23,--,--,--,--,bwv104.6.mxl_chunk_4
24,D5,D4,B3,B2,bwv104.6.mxl_chunk_4
25,--,--,--,--,bwv104.6.mxl_chunk_4
26,--,E4,--,--,bwv104.6.mxl_chunk_4
27,--,--,--,--,bwv104.6.mxl_chunk_4
28,C#5,F#4,A#3,E3,bwv104.6.mxl_chunk_4
29,--,--,--,--,bwv104.6.mxl_chunk_4
30,--,--,--,F#3,bwv104.6.mxl_chunk_4
31,--,--,--,--,bwv104.6.mxl_chunk_4
32,B4,F#4,B3,G3,bwv104.6.mxl_chunk_4
33,--,--,--,--,bwv104.6.mxl_chunk_4
34,--,E4,--,--,bwv104.6.mxl_chunk_4
35,--,--,--,--,bwv104.6.mxl_chunk_4
36,C#5,E4,A#3,F#3,bwv104.6.mxl_chunk_4
37,--,--,--,--,bwv104.6.mxl_chunk_4
38,--,D4,--,--,bwv104.6.mxl_chunk_4
39,--,C#4,--,--,bwv104.6.mxl_chunk_4
40,B4,D4,F#3,B2,bwv104.6.mxl_chunk_4
41,--,--,--,--,bwv104.6.mxl_chunk_4
42,--,--,--,--,bwv104.6.mxl_chunk_4
43,--,--,--,--,bwv104.6.mxl_chunk_4
44,B4,E4,B3,G#3,bwv104.6.mxl_chunk_4
45,--,--,--,--,bwv104.6.mxl_chunk_4
46,--,--,--,--,bwv104.6.mxl_chunk_4
47,--,--,--,--,bwv104.6.mxl_chunk_4
48,C#5,E4,A3,A3,bwv104.6.mxl_chunk_4
49,--,--,--,--,bwv104.6.mxl_chunk_4
50,--,--,--,G#3,bwv104.6.mxl_chunk_4
51,--,--,--,--,bwv104.6.mxl_chunk_4
52,D5,F#4,A3,F#3,bwv104.6.mxl_chunk_4
53,--,--,--,--,bwv104.6.mxl_chunk_4
54,--,--,--,--,bwv104.6.mxl_chunk_4
55,--,--,--,--,bwv104.6.mxl_chunk_4
56,E5,G#4,B3,E3,bwv104.6.mxl_chunk_4
57,--,--,--,--,bwv104.6.mxl_chunk_4
58,--,--,--,--,bwv104.6.mxl_chunk_4
59,--,--,--,--,bwv104.6.mxl_chunk_4
60,D5,F#4,A3,F#3,bwv104.6.mxl_chunk_4
61,--,--,--,--,bwv104.6.mxl_chunk_4
62,--,--,B3,G#3,bwv104.6.mxl_chunk_4
63,--,--,--,--,bwv104.6.mxl_chunk_4
0,B4,E4,G#3,E3,bwv104.6.mxl_chunk_5
1,--,--,--,--,bwv104.6.mxl_chunk_5
2,--,--,--,--,bwv104.6.mxl_chunk_5
3,--,--,--,--,bwv104.6.mxl_chunk_5
4,C#5,E4,A#3,D3,bwv104.6.mxl_chunk_5
5,--,--,--,--,bwv104.6.mxl_chunk_5
6,--,--,--,C#3,bwv104.6.mxl_chunk_5
7,--,--,--,--,bwv104.6.mxl_chunk_5
8,D5,D4,B3,B2,bwv104.6.mxl_chunk_5
9,--,--,--,--,bwv104.6.mxl_chunk_5
10,--,E4,--,--,bwv104.6.mxl_chunk_5
11,--,--,--,--,bwv104.6.mxl_chunk_5
12,C#5,F#4,A#3,E3,bwv104.6.mxl_chunk_5
13,--,--,--,--,bwv104.6.mxl_chunk_5
14,--,--,--,F#3,bwv104.6.mxl_chunk_5
15,--,--,--,--,bwv104.6.mxl_chunk_5
16,B4,F#4,B3,G3,bwv104.6.mxl_chunk_5
17,--,--,--,--,bwv104.6.mxl_chunk_5
18,--,E4,--,--,bwv104.6.mxl_chunk_5
19,--,--,--,--,bwv104.6.mxl_chunk_5
20,C#5,E4,A#3,F#3,bwv104.6.mxl_chunk_5
21,--,--,--,--,bwv104.6.mxl_chunk_5
22,--,D4,--,--,bwv104.6.mxl_chunk_5
23,--,C#4,--,--,bwv104.6.mxl_chunk_5
24,B4,D4,F#3,B2,bwv104.6.mxl_chunk_5
25,--,--,--,--,bwv104.6.mxl_chunk_5
26,--,--,--,--,bwv104.6.mxl_chunk_5
27,--,--,--,--,bwv104.6.mxl_chunk_5
28,B4,E4,B3,G#3,bwv104.6.mxl_chunk_5
29,--,--,--,--,bwv104.6.mxl_chunk_5
30,--,--,--,--,bwv104.6.mxl_chunk_5
31,--,--,--,--,bwv104.6.mxl_chunk_5
32,C#5,E4,A3,A3,bwv104.6.mxl_chunk_5
33,--,--,--,--,bwv104.6.mxl_chunk_5
34,--,--,--,G#3,bwv104.6.mxl_chunk_5
35,--,--,--,--,bwv104.6.mxl_chunk_5
36,D5,F#4,A3,F#3,bwv104.6.mxl_chunk_5
37,--,--,--,--,bwv104.6.mxl_chunk_5
38,--,--,--,--,bwv104.6.mxl_chunk_5
39,--,--,--,--,bwv104.6.mxl_chunk_5
40,E5,G#4,B3,E3,bwv104.6.mxl_chunk_5
41,--,--,--,--,bwv104.6.mxl_chunk_5
42,--,--,--,--,bwv104.6.mxl_chunk_5
43,--,--,--,--,bwv104.6.mxl_chunk_5
44,D5,F#4,A3,F#3,bwv104.6.mxl_chunk_5
45,--,--,--,--,bwv104.6.mxl_chunk_5
46,--,--,B3,G#3,bwv104.6.mxl_chunk_5
47,--,--,--,--,bwv104.6.mxl_chunk_5
48,C#5,E4,C#4,A3,bwv104.6.mxl_chunk_5
49,--,--,--,--,bwv104.6.mxl_chunk_5
50,--,--,--,A#3,bwv104.6.mxl_chunk_5
51,--,--,--,--,bwv104.6.mxl_chunk_5
52,B4,D4,F#3,B3,bwv104.6.mxl_chunk_5
53,--,--,--,--,bwv104.6.mxl_chunk_5
54,--,F#4,G#3,--,bwv104.6.mxl_chunk_5
55,--,E#4,--,--,bwv104.6.mxl_chunk_5
56,C#5,F#4,A#3,F#3,bwv104.6.mxl_chunk_5
57,--,--,--,--,bwv104.6.mxl_chunk_5
58,--,--,--,--,bwv104.6.mxl_chunk_5
59,--,--,--,--,bwv104.6.mxl_chunk_5
60,C#5,E4,A3,A3,bwv104.6.mxl_chunk_5
61,--,--,--,--,bwv104.6.mxl_chunk_5
62,--,--,--,G#3,bwv104.6.mxl_chunk_5
63,--,--,--,--,bwv104.6.mxl_chunk_5
0,B4,F#4,B3,G3,bwv104.6.mxl_chunk_6
1,--,--,--,--,bwv104.6.mxl_chunk_6
2,--,E4,--,--,bwv104.6.mxl_chunk_6
3,--,--,--,--,bwv104.6.mxl_chunk_6
4,C#5,E4,A#3,F#3,bwv104.6.mxl_chunk_6
5,--,--,--,--,bwv104.6.mxl_chunk_6
6,--,D4,--,--,bwv104.6.mxl_chunk_6
7,--,C#4,--,--,bwv104.6.mxl_chunk_6
8,B4,D4,F#3,B2,bwv104.6.mxl_chunk_6
9,--,--,--,--,bwv104.6.mxl_chunk_6
10,--,--,--,--,bwv104.6.mxl_chunk_6
11,--,--,--,--,bwv104.6.mxl_chunk_6
12,B4,E4,B3,G#3,bwv104.6.mxl_chunk_6
13,--,--,--,--,bwv104.6.mxl_chunk_6
14,--,--,--,--,bwv104.6.mxl_chunk_6
15,--,--,--,--,bwv104.6.mxl_chunk_6
16,C#5,E4,A3,A3,bwv104.6.mxl_chunk_6
17,--,--,--,--,bwv104.6.mxl_chunk_6
18,--,--,--,G#3,bwv104.6.mxl_chunk_6
19,--,--,--,--,bwv104.6.mxl_chunk_6
20,D5,F#4,A3,F#3,bwv104.6.mxl_chunk_6
21,--,--,--,--,bwv104.6.mxl_chunk_6
22,--,--,--,--,bwv104.6.mxl_chunk_6
23,--,--,--,--,bwv104.6.mxl_chunk_6
24,E5,G#4,B3,E3,bwv104.6.mxl_chunk_6
25,--,--,--,--,bwv104.6.mxl_chunk_6
26,--,--,--,--,bwv104.6.mxl_chunk_6
27,--,--,--,--,bwv104.6.mxl_chunk_6
28,D5,F#4,A3,F#3,bwv104.6.mxl_chunk_6
29,--,--,--,--,bwv104.6.mxl_chunk_6
30,--,--,B3,G#3,bwv104.6.mxl_chunk_6
31,--,--,--,--,bwv104.6.mxl_chunk_6
32,C#5,E4,C#4,A3,bwv104.6.mxl_chunk_6
33,--,--,--,--,bwv104.6.mxl_chunk_6
34,--,--,--,A#3,bwv104.6.mxl_chunk_6
35,--,--,--,--,bwv104.6.mxl_chunk_6
36,B4,D4,F#3,B3,bwv104.6.mxl_chunk_6
37,--,--,--,--,bwv104.6.mxl_chunk_6
38,--,F#4,G#3,--,bwv104.6.mxl_chunk_6
39,--,E#4,--,--,bwv104.6.mxl_chunk_6
40,C#5,F#4,A#3,F#3,bwv104.6.mxl_chunk_6
41,--,--,--,--,bwv104.6.mxl_chunk_6
42,--,--,--,--,bwv104.6.mxl_chunk_6
43,--,--,--,--,bwv104.6.mxl_chunk_6
44,C#5,E4,A3,A3,bwv104.6.mxl_chunk_6
45,--,--,--,--,bwv104.6.mxl_chunk_6
46,--,--,--,G#3,bwv104.6.mxl_chunk_6
47,--,--,--,--,bwv104.6.mxl_chunk_6
48,C#5,F#4,A3,F#3,bwv104.6.mxl_chunk_6
49,--,--,--,--,bwv104.6.mxl_chunk_6
50,--,--,--,E3,bwv104.6.mxl_chunk_6
51,--,--,--,--,bwv104.6.mxl_chunk_6
52,B4,F#4,--,D3,bwv104.6.mxl_chunk_6
53,--,--,--,--,bwv104.6.mxl_chunk_6
54,C#5,E4,--,C#3,bwv104.6.mxl_chunk_6
55,--,--,--,--,bwv104.6.mxl_chunk_6
56,D5,D4,B3,B2,bwv104.6.mxl_chunk_6
57,--,--,--,--,bwv104.6.mxl_chunk_6
58,C#5,--,--,C#3,bwv104.6.mxl_chunk_6
59,--,--,--,--,bwv104.6.mxl_chunk_6
60,B4,E4,G#3,D3,bwv104.6.mxl_chunk_6
61,--,--,--,--,bwv104.6.mxl_chunk_6
62,--,--,--,--,bwv104.6.mxl_chunk_6
63,--,--,--,--,bwv104.6.mxl_chunk_6
0,C#5,E4,A3,A3,bwv104.6.mxl_chunk_7
1,--,--,--,--,bwv104.6.mxl_chunk_7
2,--,--,--,G#3,bwv104.6.mxl_chunk_7
3,--,--,--,--,bwv104.6.mxl_chunk_7
4,D5,F#4,A3,F#3,bwv104.6.mxl_chunk_7
5,--,--,--,--,bwv104.6.mxl_chunk_7
6,--,--,--,--,bwv104.6.mxl_chunk_7
7,--,--,--,--,bwv104.6.mxl_chunk_7
8,E5,G#4,B3,E3,bwv104.6.mxl_chunk_7
9,--,--,--,--,bwv104.6.mxl_chunk_7
10,--,--,--,--,bwv104.6.mxl_chunk_7
11,--,--,--,--,bwv104.6.mxl_chunk_7
12,D5,F#4,A3,F#3,bwv104.6.mxl_chunk_7
13,--,--,--,--,bwv104.6.mxl_chunk_7
14,--,--,B3,G#3,bwv104.6.mxl_chunk_7
15,--,--,--,--,bwv104.6.mxl_chunk_7
16,C#5,E4,C#4,A3,bwv104.6.mxl_chunk_7
17,--,--,--,--,bwv104.6.mxl_chunk_7
18,--,--,--,A#3,bwv104.6.mxl_chunk_7
19,--,--,--,--,bwv104.6.mxl_chunk_7
20,B4,D4,F#3,B3,bwv104.6.mxl_chunk_7
21,--,--,--,--,bwv104.6.mxl_chunk_7
22,--,F#4,G#3,--,bwv104.6.mxl_chunk_7
23,--,E#4,--,--,bwv104.6.mxl_chunk_7
24,C#5,F#4,A#3,F#3,bwv104.6.mxl_chunk_7
25,--,--,--,--,bwv104.6.mxl_chunk_7
26,--,--,--,--,bwv104.6.mxl_chunk_7
27,--,--,--,--,bwv104.6.mxl_chunk_7
28,C#5,E4,A3,A3,bwv104.6.mxl_chunk_7
29,--,--,--,--,bwv104.6.mxl_chunk_7
30,--,--,--,G#3,bwv104.6.mxl_chunk_7
31,--,--,--,--,bwv104.6.mxl_chunk_7
32,C#5,F#4,A3,F#3,bwv104.6.mxl_chunk_7
33,--,--,--,--,bwv104.6.mxl_chunk_7
34,--,--,--,E3,bwv104.6.mxl_chunk_7
35,--,--,--,--,bwv104.6.mxl_chunk_7
36,B4,F#4,--,D3,bwv104.6.mxl_chunk_7
37,--,--,--,--,bwv104.6.mxl_chunk_7
38,C#5,E4,--,C#3,bwv104.6.mxl_chunk_7
39,--,--,--,--,bwv104.6.mxl_chunk_7
40,D5,D4,B3,B2,bwv104.6.mxl_chunk_7
41,--,--,--,--,bwv104.6.mxl_chunk_7
42,C#5,--,--,C#3,bwv104.6.mxl_chunk_7
43,--,--,--,--,bwv104.6.mxl_chunk_7
44,B4,E4,G#3,D3,bwv104.6.mxl_chunk_7
45,--,--,--,--,bwv104.6.mxl_chunk_7
46,--,--,--,--,bwv104.6.mxl_chunk_7
47,--,--,--,--,bwv104.6.mxl_chunk_7
48,A4,E4,A3,C#3,bwv104.6.mxl_chunk_7
49,--,--,--,--,bwv104.6.mxl_chunk_7
50,F#4,F#4,D4,D3,bwv104.6.mxl_chunk_7
51,--,--,--,--,bwv104.6.mxl_chunk_7
52,G#4,E4,B3,E3,bwv104.6.mxl_chunk_7
53,--,--,--,--,bwv104.6.mxl_chunk_7
54,--,--,--,--,bwv104.6.mxl_chunk_7
55,--,--,--,--,bwv104.6.mxl_chunk_7
56,A4,E4,C#4,A2,bwv104.6.mxl_chunk_7
57,--,--,--,--,bwv104.6.mxl_chunk_7
58,--,--,--,--,bwv104.6.mxl_chunk_7
59,--,--,--,--,bwv104.6.mxl_chunk_7
60,--,--,--,--,bwv104.6.mxl_chunk_7
61,--,--,--,--,bwv104.6.mxl_chunk_7
62,--,--,--,--,bwv104.6.mxl_chunk_7
63,--,--,--,--,bwv104.6.mxl_chunk_7
